Rule Disabled,Accuracy,Accuracy Drop,Relative Drop (%)
lexicon,0.5656340716586472,0.3065574422396309,35.14795057675648
capitalization,0.8573189644888058,0.014872549409472247,1.7051930880408455
morphology,0.8687318566827057,0.003459657215572398,0.3966625632608357
context,0.8719529168489283,0.00023859704934980908,0.027356038845573562
none,0.8721915138982781,0.0,0.0
punct_num,0.8727880065216527,-0.0005964926233745782,-0.06839009711394027
closed_class,0.8803833459259554,-0.00819183202767726,-0.9392240003647474
